Arthdal Chronicles,08,2,01-10-2023,Corée du Sud,tvN,episode08-411009-01102023-saison2-Arthdal-Chronicles.html
Behind Your Touch,16,1,01-10-2023,Etats-Unis,Netflix,episode16-408686-01102023-saison1-Behind-Your-Touch.html
Bob's Burgers,01,14,01-10-2023,Etats-Unis,Fox,episode01-408094-01102023-saison14-Bob-s-Burgers.html
Entre Tierras,04,1,01-10-2023,Espagne,ATRESplayer,episode04-410970-01102023-saison1-Entre-Tierras.html
Family Guy,01,22,01-10-2023,Etats-Unis,Fox,episode01-408096-01102023-saison22-Family-Guy.html
Heartland (CA),01,17,01-10-2023,Canada,CBC,episode01-410271-01102023-saison17-Heartland-(CA).html
Krapopolis,03,1,01-10-2023,Etats-Unis,Fox,episode03-408093-01102023-saison1-Krapopolis.html
Last Week Tonight With John Oliver,11,10,01-10-2023,Etats-Unis,HBO,episode11-410868-01102023-saison10-Last-Week-Tonight-With-John-Oliver.html
Les Mystères de l'amour,08,33,01-10-2023,France,TMC,episode08-410185-01102023-saison33-Les-Mysteres-de-l-amour.html
SkyMed,01,2,01-10-2023,Canada,CBC Gem,episode01-410144-01102023-saison2-SkyMed.html
The Simpsons,01,35,01-10-2023,Etats-Unis,Fox,episode01-408095-01102023-saison35-The-Simpsons.html
The Villains of Valley View,15,2,01-10-2023,Etats-Unis,Disney Channel,episode15-410803-01102023-saison2-The-Villains-of-Valley-View.html
The Walking Dead: Daryl Dixon,04,1,01-10-2023,Etats-Unis,AMC,episode04-409847-01102023-saison1-The-Walking-Dead-Daryl-Dixon.html
When Calls the Heart,10,10,01-10-2023,Etats-Unis,Hallmark Channel,episode10-407539-01102023-saison10-When-Calls-the-Heart.html
5è Rang,04,6,02-10-2023,Canada,Radio Canada,episode04-410913-02102023-saison6-5e-Rang.html
66-5,05,1,02-10-2023,France,Canal+,episode05-410553-02102023-saison1-66-5.html
66-5,06,1,02-10-2023,France,Canal+,episode06-410554-02102023-saison1-66-5.html
Alertes,16,3,02-10-2023,Canada,TVA,episode16-410912-02102023-saison3-Alertes.html
American Dad!,14,19,02-10-2023,Etats-Unis,TBS (US),episode14-410594-02102023-saison19-American-Dad.html
Demain nous appartient,31,7,02-10-2023,France,TF1,episode31-410920-02102023-saison7-Demain-nous-appartient.html
Familie Bundschuh,08,1,02-10-2023,Allemagne,ZDF,episode08-409953-02102023-saison1-Familie-Bundschuh.html
Ici tout commence,26,4,02-10-2023,France,TF1,episode26-410915-02102023-saison4-Ici-tout-commence.html
Infiltré(e),03,1,02-10-2023,France,France 2,episode03-410718-02102023-saison1-Infiltre(e).html
Infiltré(e),04,1,02-10-2023,France,France 2,episode04-410719-02102023-saison1-Infiltre(e).html
Kamikaze (NOR),03,1,02-10-2023,Suède,Discovery +,episode03-410738-02102023-saison1-Kamikaze-(NOR).html
Murdoch Mysteries,01,17,02-10-2023,Canada,Citytv,episode01-410145-02102023-saison17-Murdoch-Mysteries.html
Narvalo,03,3,02-10-2023,France,Canal+,episode03-410627-02102023-saison3-Narvalo.html
Narvalo,04,3,02-10-2023,France,Canal+,episode04-410628-02102023-saison3-Narvalo.html
Pure Boxer,13,1,02-10-2023,Corée du Sud,KBS2,episode13-409147-02102023-saison1-Pure-Boxer.html
SOKO Potsdam,02,6,02-10-2023,Allemagne,ZDF,episode02-410907-02102023-saison6-SOKO-Potsdam.html
The Irrational,02,1,02-10-2023,Etats-Unis,NBC,episode02-409167-02102023-saison1-The-Irrational.html
The Long Shadow,02,1,02-10-2023,Royaume-Uni,ITVX,episode02-410620-02102023-saison1-The-Long-Shadow.html
The Long Shadow,03,1,02-10-2023,Royaume-Uni,ITVX,episode03-410816-02102023-saison1-The-Long-Shadow.html
The Long Shadow,04,1,02-10-2023,Royaume-Uni,ITVX,episode04-410897-02102023-saison1-The-Long-Shadow.html
The Long Shadow,05,1,02-10-2023,Royaume-Uni,ITVX,episode05-410898-02102023-saison1-The-Long-Shadow.html
The Long Shadow,06,1,02-10-2023,Royaume-Uni,ITVX,episode06-410899-02102023-saison1-The-Long-Shadow.html
The Long Shadow,07,1,02-10-2023,Royaume-Uni,ITVX,episode07-410900-02102023-saison1-The-Long-Shadow.html
Un Si Grand Soleil,23,6,02-10-2023,France,France 2,episode23-410925-02102023-saison6-Un-Si-Grand-Soleil.html
Ví?az,05,1,02-10-2023,Etats-Unis,Showtime,episode05-410696-02102023-saison1-Viaz.html
Ahsoka,08,1,03-10-2023,Etats-Unis,Disney+,episode08-406770-03102023-saison1-Ahsoka.html
Alexandra Ehle,01,4,03-10-2023,France,France 3,episode01-410257-03102023-saison4-Alexandra-Ehle.html
À coeur battant,04,2,03-10-2023,Canada,Radio Canada,episode04-410929-03102023-saison2-A-coeur-battant.html
Club Soly,04,3,03-10-2023,Canada,Noovo.ca,episode04-410931-03102023-saison3-Club-Soly.html
Demain nous appartient,32,7,03-10-2023,France,TF1,episode32-410921-03102023-saison7-Demain-nous-appartient.html
Found,01,1,03-10-2023,Etats-Unis,NBC,episode01-408424-03102023-saison1-Found.html
Ici tout commence,27,4,03-10-2023,France,TF1,episode27-410916-03102023-saison4-Ici-tout-commence.html
Only Murders in The Building,10,3,03-10-2023,Etats-Unis,Hulu,episode10-406259-03102023-saison3-Only-Murders-in-The-Building.html
Un Si Grand Soleil,24,6,03-10-2023,France,France 2,episode24-410926-03102023-saison6-Un-Si-Grand-Soleil.html
Aller simple,04,2,04-10-2023,Canada,Noovo.ca,episode04-410649-04102023-saison2-Aller-simple.html
American Horror Story,03,12,04-10-2023,Etats-Unis,FX,episode03-410183-04102023-saison12-American-Horror-Story.html
Archer (2009),07,14,04-10-2023,Etats-Unis,FXX,episode07-408904-04102023-saison14-Archer-(2009).html
Assisted Living,20,4,04-10-2023,Etats-Unis,BET,episode20-410621-04102023-saison4-Assisted-Living.html
Assisted Living,21,4,04-10-2023,Etats-Unis,BET,episode21-410622-04102023-saison4-Assisted-Living.html
Assisted Living,22,4,04-10-2023,Etats-Unis,BET,episode22-410623-04102023-saison4-Assisted-Living.html
Bones of Crows,03,1,04-10-2023,Canada,CBC,episode03-410642-04102023-saison1-Bones-of-Crows.html
Children Ruin Everything,02,3,04-10-2023,Canada,CTV,episode02-410794-04102023-saison3-Children-Ruin-Everything.html
Chucky,01,3,04-10-2023,Etats-Unis,Syfy,episode01-409037-04102023-saison3-Chucky.html
Demain nous appartient,33,7,04-10-2023,France,TF1,episode33-410922-04102023-saison7-Demain-nous-appartient.html
Hans River Police,07,1,04-10-2023,Etats-Unis,Disney+,episode07-409972-04102023-saison1-Hans-River-Police.html
Hans River Police,08,1,04-10-2023,Etats-Unis,Disney+,episode08-409973-04102023-saison1-Hans-River-Police.html
Hudson & Rex,01,6,04-10-2023,Canada,Citytv,episode01-410258-04102023-saison6-Hudson--Rex.html
Ici tout commence,28,4,04-10-2023,France,TF1,episode28-410917-04102023-saison4-Ici-tout-commence.html
Invasion (2021),07,2,04-10-2023,Etats-Unis,Apple TV+,episode07-407971-04102023-saison2-Invasion-(2021).html
Magnum P.I. (2018),11,5,04-10-2023,Etats-Unis,NBC,episode11-409152-04102023-saison5-Magnum-PI-(2018).html
Quantum Leap (2022),01,2,04-10-2023,Etats-Unis,NBC,episode01-408633-04102023-saison2-Quantum-Leap-(2022).html
RFDS,08,2,04-10-2023,Australie,Seven,episode08-410739-04102023-saison2-RFDS.html
Robyn Hood,02,1,04-10-2023,Canada,Global,episode02-410949-04102023-saison1-Robyn-Hood.html
SurrealEstate,01,2,04-10-2023,Etats-Unis,Syfy,episode01-409249-04102023-saison2-SurrealEstate.html
The Morning Show,05,3,04-10-2023,Etats-Unis,Apple TV+,episode05-407700-04102023-saison3-The-Morning-Show.html
The Worst of Evil,04,1,04-10-2023,Etats-Unis,Disney+,episode04-410766-04102023-saison1-The-Worst-of-Evil.html
The Worst of Evil,05,1,04-10-2023,Etats-Unis,Disney+,episode05-410767-04102023-saison1-The-Worst-of-Evil.html
Un Si Grand Soleil,25,6,04-10-2023,France,France 2,episode25-410927-04102023-saison6-Un-Si-Grand-Soleil.html
Young Dylan,05,4,04-10-2023,Etats-Unis,Nickelodeon,episode05-410578-04102023-saison4-Young-Dylan.html
All Creatures Great and Small (2020),01,4,05-10-2023,Royaume-Uni,Channel 5,episode01-410607-05102023-saison4-All-Creatures-Great-and-Small-(2020).html
À La Carte,04,2,05-10-2023,Etats-Unis,ALLBLK,episode04-410517-05102023-saison2-A-La-Carte.html
Demain nous appartient,34,7,05-10-2023,France,TF1,episode34-410923-05102023-saison7-Demain-nous-appartient.html
Everything Now,01,1,05-10-2023,Etats-Unis,Netflix,episode01-410218-05102023-saison1-Everything-Now.html
Everything Now,02,1,05-10-2023,Etats-Unis,Netflix,episode02-410890-05102023-saison1-Everything-Now.html
Everything Now,03,1,05-10-2023,Etats-Unis,Netflix,episode03-410891-05102023-saison1-Everything-Now.html
Everything Now,04,1,05-10-2023,Etats-Unis,Netflix,episode04-410892-05102023-saison1-Everything-Now.html
Everything Now,05,1,05-10-2023,Etats-Unis,Netflix,episode05-410893-05102023-saison1-Everything-Now.html
Everything Now,06,1,05-10-2023,Etats-Unis,Netflix,episode06-410894-05102023-saison1-Everything-Now.html
Everything Now,07,1,05-10-2023,Etats-Unis,Netflix,episode07-410895-05102023-saison1-Everything-Now.html
Everything Now,08,1,05-10-2023,Etats-Unis,Netflix,episode08-410896-05102023-saison1-Everything-Now.html
Ici tout commence,29,4,05-10-2023,France,TF1,episode29-410918-05102023-saison4-Ici-tout-commence.html
Les révoltés,05,1,05-10-2023,Canada,Club illico ,episode05-411201-05102023-saison1-Les-revoltes.html
Les révoltés,06,1,05-10-2023,Canada,Club illico ,episode06-411202-05102023-saison1-Les-revoltes.html
Loki,01,2,05-10-2023,Etats-Unis,Disney+,episode01-410901-05102023-saison2-Loki.html
Lupin,01,3,05-10-2023,Etats-Unis,Netflix,episode01-404379-05102023-saison3-Lupin.html
Lupin,02,3,05-10-2023,Etats-Unis,Netflix,episode02-404380-05102023-saison3-Lupin.html
Lupin,03,3,05-10-2023,Etats-Unis,Netflix,episode03-404381-05102023-saison3-Lupin.html
Lupin,04,3,05-10-2023,Etats-Unis,Netflix,episode04-404382-05102023-saison3-Lupin.html
Lupin,05,3,05-10-2023,Etats-Unis,Netflix,episode05-404383-05102023-saison3-Lupin.html
Lupin,06,3,05-10-2023,Etats-Unis,Netflix,episode06-404384-05102023-saison3-Lupin.html
Lupin,07,3,05-10-2023,Etats-Unis,Netflix,episode07-404385-05102023-saison3-Lupin.html
Our Flag Means Death,01,2,05-10-2023,Etats-Unis,HBO Max,episode01-409662-05102023-saison2-Our-Flag-Means-Death.html
Our Flag Means Death,02,2,05-10-2023,Etats-Unis,HBO Max,episode02-409663-05102023-saison2-Our-Flag-Means-Death.html
Our Flag Means Death,03,2,05-10-2023,Etats-Unis,HBO Max,episode03-409664-05102023-saison2-Our-Flag-Means-Death.html
Rictus,07,1,05-10-2023,France,OCS,episode07-409050-05102023-saison1-Rictus.html
Rictus,08,1,05-10-2023,France,OCS,episode08-409051-05102023-saison1-Rictus.html
Rictus,09,1,05-10-2023,France,OCS,episode09-409052-05102023-saison1-Rictus.html
Sous contrôle,01,1,05-10-2023,France,Arte,episode01-408741-05102023-saison1-Sous-controle.html
Sous contrôle,02,1,05-10-2023,France,Arte,episode02-411048-05102023-saison1-Sous-controle.html
Sous contrôle,03,1,05-10-2023,France,Arte,episode03-411049-05102023-saison1-Sous-controle.html
Sous contrôle,04,1,05-10-2023,France,Arte,episode04-411050-05102023-saison1-Sous-controle.html
Sous contrôle,05,1,05-10-2023,France,Arte,episode05-411051-05102023-saison1-Sous-controle.html
Sous contrôle,06,1,05-10-2023,France,Arte,episode06-411052-05102023-saison1-Sous-controle.html
Star Trek: Lower Decks,06,4,05-10-2023,Etats-Unis,Paramount+,episode06-409760-05102023-saison4-Star-Trek-Lower-Decks.html
Tacoma FD,12,4,05-10-2023,Etats-Unis,truTV,episode12-410643-05102023-saison4-Tacoma-FD.html
Tacoma FD,13,4,05-10-2023,Etats-Unis,truTV,episode13-410644-05102023-saison4-Tacoma-FD.html
Young Love,09,1,05-10-2023,Etats-Unis,HBO Max,episode09-410862-05102023-saison1-Young-Love.html
Young Love,10,1,05-10-2023,Etats-Unis,HBO Max,episode10-410863-05102023-saison1-Young-Love.html
Young Love,11,1,05-10-2023,Etats-Unis,HBO Max,episode11-410864-05102023-saison1-Young-Love.html
Young Love,12,1,05-10-2023,Etats-Unis,HBO Max,episode12-410865-05102023-saison1-Young-Love.html
Billions,09,7,06-10-2023,Etats-Unis,Showtime,episode09-409168-06102023-saison7-Billions.html
Demain nous appartient,35,7,06-10-2023,France,TF1,episode35-410924-06102023-saison7-Demain-nous-appartient.html
Familjen Andersson,08,1,06-10-2023,Suède,SVT Play,episode08-409539-06102023-saison1-Familjen-Andersson.html
Gaslight,04,1,06-10-2023,Suède,SVT Play,episode04-410680-06102023-saison1-Gaslight.html
Gaslight,05,1,06-10-2023,Suède,SVT Play,episode05-410681-06102023-saison1-Gaslight.html
Gaslight,06,1,06-10-2023,Suède,SVT Play,episode06-410682-06102023-saison1-Gaslight.html
Gen V,04,1,06-10-2023,Etats-Unis,Prime Video,episode04-408428-06102023-saison1-Gen-V.html
Ghosts (UK),01,5,06-10-2023,Royaume-Uni,BBC One,episode01-410534-06102023-saison5-Ghosts-(UK).html
Ghosts (UK),02,5,06-10-2023,Royaume-Uni,BBC One,episode02-410722-06102023-saison5-Ghosts-(UK).html
Ghosts (UK),03,5,06-10-2023,Royaume-Uni,BBC One,episode03-410723-06102023-saison5-Ghosts-(UK).html
Ghosts (UK),04,5,06-10-2023,Royaume-Uni,BBC One,episode04-410724-06102023-saison5-Ghosts-(UK).html
Ghosts (UK),05,5,06-10-2023,Royaume-Uni,BBC One,episode05-410725-06102023-saison5-Ghosts-(UK).html
Ghosts (UK),06,5,06-10-2023,Royaume-Uni,BBC One,episode06-410726-06102023-saison5-Ghosts-(UK).html
Huset,06,1,06-10-2023,Danemark,DR1,episode06-410716-06102023-saison1-Huset.html
Ici tout commence,30,4,06-10-2023,France,TF1,episode30-410919-06102023-saison4-Ici-tout-commence.html
Last Exit Schinkenstraße,01,1,06-10-2023,Etats-Unis,Prime Video,episode01-411018-06102023-saison1-Last-Exit-Schinkenstraße.html
Last Exit Schinkenstraße,02,1,06-10-2023,Etats-Unis,Prime Video,episode02-411019-06102023-saison1-Last-Exit-Schinkenstraße.html
Last Exit Schinkenstraße,03,1,06-10-2023,Etats-Unis,Prime Video,episode03-411020-06102023-saison1-Last-Exit-Schinkenstraße.html
Last Exit Schinkenstraße,04,1,06-10-2023,Etats-Unis,Prime Video,episode04-411021-06102023-saison1-Last-Exit-Schinkenstraße.html
Last Exit Schinkenstraße,05,1,06-10-2023,Etats-Unis,Prime Video,episode05-411022-06102023-saison1-Last-Exit-Schinkenstraße.html
Last Exit Schinkenstraße,06,1,06-10-2023,Etats-Unis,Prime Video,episode06-411023-06102023-saison1-Last-Exit-Schinkenstraße.html
Power Book IV: Force,06,2,06-10-2023,Etats-Unis,Starz,episode06-410815-06102023-saison2-Power-Book-IV-Force.html
Shoresy,03,2,06-10-2023,Canada,CraveTV,episode03-410866-06102023-saison2-Shoresy.html
SOKO Leipzig,07,24,06-10-2023,Allemagne,ZDF,episode07-410561-06102023-saison24-SOKO-Leipzig.html
Solsidan,03,8,06-10-2023,Suède,TV4,episode03-410858-06102023-saison8-Solsidan.html
Still Up,05,1,06-10-2023,Etats-Unis,Apple TV+,episode05-408946-06102023-saison1-Still-Up.html
The Changeling,07,1,06-10-2023,Etats-Unis,Apple TV+,episode07-408182-06102023-saison1-The-Changeling.html
The Continental: From The World Of John Wick,03,1,06-10-2023,Etats-Unis,Peacock,episode03-408644-06102023-saison1-The-Continental-From-The-World-Of-John-Wick.html
The Wheel of Time,08,2,06-10-2023,Etats-Unis,Prime Video,episode08-408196-06102023-saison2-The-Wheel-of-Time.html
Transplant,01,4,06-10-2023,Canada,CTV,episode01-408389-06102023-saison4-Transplant.html
Un Si Grand Soleil,26,6,06-10-2023,France,France 2,episode26-410928-06102023-saison6-Un-Si-Grand-Soleil.html
All Rise,14,3,07-10-2023,Etats-Unis,OWN,episode14-410327-07102023-saison3-All-Rise.html
Arthdal Chronicles,09,2,07-10-2023,Corée du Sud,tvN,episode09-411010-07102023-saison2-Arthdal-Chronicles.html
Boomer,06,1,07-10-2023,Belgique,Één,episode06-409827-07102023-saison1-Boomer.html
Johnson,10,3,07-10-2023,Etats-Unis,Bounce TV,episode10-410645-07102023-saison3-Johnson.html
Arthdal Chronicles,10,2,08-10-2023,Corée du Sud,tvN,episode10-411011-08102023-saison2-Arthdal-Chronicles.html
Bob's Burgers,02,14,08-10-2023,Etats-Unis,Fox,episode02-410729-08102023-saison14-Bob-s-Burgers.html
Entre Tierras,05,1,08-10-2023,Espagne,ATRESplayer,episode05-410971-08102023-saison1-Entre-Tierras.html
Family Guy,02,22,08-10-2023,Etats-Unis,Fox,episode02-410730-08102023-saison22-Family-Guy.html
Heartland (CA),02,17,08-10-2023,Canada,CBC,episode02-410535-08102023-saison17-Heartland-(CA).html
Krapopolis,04,1,08-10-2023,Etats-Unis,Fox,episode04-410328-08102023-saison1-Krapopolis.html
Last Week Tonight With John Oliver,12,10,08-10-2023,Etats-Unis,HBO,episode12-411014-08102023-saison10-Last-Week-Tonight-With-John-Oliver.html
Les Mystères de l'amour,09,33,08-10-2023,France,TMC,episode09-410595-08102023-saison33-Les-Mysteres-de-l-amour.html
SkyMed,02,2,08-10-2023,Canada,CBC Gem,episode02-410740-08102023-saison2-SkyMed.html
The Simpsons,02,35,08-10-2023,Etats-Unis,Fox,episode02-410728-08102023-saison35-The-Simpsons.html
The Walking Dead: Daryl Dixon,05,1,08-10-2023,Etats-Unis,AMC,episode05-409848-08102023-saison1-The-Walking-Dead-Daryl-Dixon.html
The Winter King,06,1,08-10-2023,Royaume-Uni,ITVX,episode06-409132-08102023-saison1-The-Winter-King.html
When Calls the Heart,11,10,08-10-2023,Etats-Unis,Hallmark Channel,episode11-407540-08102023-saison10-When-Calls-the-Heart.html
5è Rang,05,6,09-10-2023,Canada,Radio Canada,episode05-410914-09102023-saison6-5e-Rang.html
66-5,07,1,09-10-2023,France,Canal+,episode07-410555-09102023-saison1-66-5.html
66-5,08,1,09-10-2023,France,Canal+,episode08-410556-09102023-saison1-66-5.html
Alertes,17,3,09-10-2023,Canada,TVA,episode17-411030-09102023-saison3-Alertes.html
Demain nous appartient,36,7,09-10-2023,France,TF1,episode36-411033-09102023-saison7-Demain-nous-appartient.html
Harry Wild,01,2,09-10-2023,Etats-Unis,Acorn TV,episode01-410199-09102023-saison2-Harry-Wild.html
Harry Wild,02,2,09-10-2023,Etats-Unis,Acorn TV,episode02-410200-09102023-saison2-Harry-Wild.html
Ici tout commence,31,4,09-10-2023,France,TF1,episode31-411038-09102023-saison4-Ici-tout-commence.html
Infiltré(e),05,1,09-10-2023,France,France 2,episode05-410720-09102023-saison1-Infiltre(e).html
Infiltré(e),06,1,09-10-2023,France,France 2,episode06-410721-09102023-saison1-Infiltre(e).html
Kamikaze (NOR),04,1,09-10-2023,Suède,Discovery +,episode04-411031-09102023-saison1-Kamikaze-(NOR).html
Mentiras pasajeras,01,1,09-10-2023,Etats-Unis,Paramount+,episode01-410619-09102023-saison1-Mentiras-pasajeras.html
Murdoch Mysteries,02,17,09-10-2023,Canada,Citytv,episode02-410605-09102023-saison17-Murdoch-Mysteries.html
Narvalo,05,3,09-10-2023,France,Canal+,episode05-410629-09102023-saison3-Narvalo.html
SOKO Potsdam,03,6,09-10-2023,Allemagne,ZDF,episode03-410908-09102023-saison6-SOKO-Potsdam.html
The Irrational,03,1,09-10-2023,Etats-Unis,NBC,episode03-409679-09102023-saison1-The-Irrational.html
Un Si Grand Soleil,27,6,09-10-2023,France,France 2,episode27-411043-09102023-saison6-Un-Si-Grand-Soleil.html
Ví?az,06,1,09-10-2023,Etats-Unis,Showtime,episode06-410697-09102023-saison1-Viaz.html
Alexandra Ehle,02,4,10-10-2023,France,France 3,episode02-405395-10102023-saison4-Alexandra-Ehle.html
À coeur battant,05,2,10-10-2023,Canada,Radio Canada,episode05-410930-10102023-saison2-A-coeur-battant.html
Club Soly,05,3,10-10-2023,Canada,Noovo.ca,episode05-411047-10102023-saison3-Club-Soly.html
Demain nous appartient,37,7,10-10-2023,France,TF1,episode37-411034-10102023-saison7-Demain-nous-appartient.html
Found,02,1,10-10-2023,Etats-Unis,NBC,episode02-409591-10102023-saison1-Found.html
Ici tout commence,32,4,10-10-2023,France,TF1,episode32-411039-10102023-saison4-Ici-tout-commence.html
4EVER,01,1,11-10-2023,Etats-Unis,Disney+,episode01-411025-11102023-saison1-4EVER.html
4EVER,02,1,11-10-2023,Etats-Unis,Disney+,episode02-411026-11102023-saison1-4EVER.html
4EVER,03,1,11-10-2023,Etats-Unis,Disney+,episode03-411027-11102023-saison1-4EVER.html
4EVER,04,1,11-10-2023,Etats-Unis,Disney+,episode04-411028-11102023-saison1-4EVER.html
4EVER,05,1,11-10-2023,Etats-Unis,Disney+,episode05-411029-11102023-saison1-4EVER.html
Aller simple,05,2,11-10-2023,Canada,Noovo.ca,episode05-410650-11102023-saison2-Aller-simple.html
Aller simple,06,2,11-10-2023,Canada,Noovo.ca,episode06-411054-11102023-saison2-Aller-simple.html
American Horror Story,04,12,11-10-2023,Etats-Unis,FX,episode04-410339-11102023-saison12-American-Horror-Story.html
Archer (2009),08,14,11-10-2023,Etats-Unis,FXX,episode08-408905-11102023-saison14-Archer-(2009).html
Bones of Crows,04,1,11-10-2023,Canada,CBC,episode04-410782-11102023-saison1-Bones-of-Crows.html
Children Ruin Everything,03,3,11-10-2023,Canada,CTV,episode03-410932-11102023-saison3-Children-Ruin-Everything.html
Chucky,02,3,11-10-2023,Etats-Unis,Syfy,episode02-409115-11102023-saison3-Chucky.html
Cooper's Bar,01,2,11-10-2023,Etats-Unis,AMC,episode01-410431-11102023-saison2-Cooper-s-Bar.html
Cooper's Bar,02,2,11-10-2023,Etats-Unis,AMC,episode02-411062-11102023-saison2-Cooper-s-Bar.html
Demain nous appartient,38,7,11-10-2023,France,TF1,episode38-411035-11102023-saison7-Demain-nous-appartient.html
Hans River Police,09,1,11-10-2023,Etats-Unis,Disney+,episode09-409974-11102023-saison1-Hans-River-Police.html
Hans River Police,10,1,11-10-2023,Etats-Unis,Disney+,episode10-409975-11102023-saison1-Hans-River-Police.html
Hudson & Rex,02,6,11-10-2023,Canada,Citytv,episode02-410259-11102023-saison6-Hudson--Rex.html
Ici tout commence,33,4,11-10-2023,France,TF1,episode33-411040-11102023-saison4-Ici-tout-commence.html
Invasion (2021),08,2,11-10-2023,Etats-Unis,Apple TV+,episode08-407972-11102023-saison2-Invasion-(2021).html
La Mesias,01,1,11-10-2023,Espagne,Moviestar+,episode01-410340-11102023-saison1-La-Mesias.html
La Mesias,02,1,11-10-2023,Espagne,Moviestar+,episode02-410544-11102023-saison1-La-Mesias.html
Magnum P.I. (2018),12,5,11-10-2023,Etats-Unis,NBC,episode12-410783-11102023-saison5-Magnum-PI-(2018).html
Nada,01,1,11-10-2023,Espagne,Star+,episode01-410264-11102023-saison1-Nada.html
Nada,02,1,11-10-2023,Espagne,Star+,episode02-411069-11102023-saison1-Nada.html
Nada,03,1,11-10-2023,Espagne,Star+,episode03-411070-11102023-saison1-Nada.html
Nada,04,1,11-10-2023,Espagne,Star+,episode04-411071-11102023-saison1-Nada.html
Nada,05,1,11-10-2023,Espagne,Star+,episode05-411072-11102023-saison1-Nada.html
Pacto de Silencio,01,1,11-10-2023,Etats-Unis,Netflix,episode01-410272-11102023-saison1-Pacto-de-Silencio.html
Pacto de Silencio,02,1,11-10-2023,Etats-Unis,Netflix,episode02-411073-11102023-saison1-Pacto-de-Silencio.html
Pacto de Silencio,03,1,11-10-2023,Etats-Unis,Netflix,episode03-411074-11102023-saison1-Pacto-de-Silencio.html
Pacto de Silencio,04,1,11-10-2023,Etats-Unis,Netflix,episode04-411075-11102023-saison1-Pacto-de-Silencio.html
Pacto de Silencio,05,1,11-10-2023,Etats-Unis,Netflix,episode05-411076-11102023-saison1-Pacto-de-Silencio.html
Pacto de Silencio,06,1,11-10-2023,Etats-Unis,Netflix,episode06-411077-11102023-saison1-Pacto-de-Silencio.html
Pacto de Silencio,07,1,11-10-2023,Etats-Unis,Netflix,episode07-411078-11102023-saison1-Pacto-de-Silencio.html
Pacto de Silencio,08,1,11-10-2023,Etats-Unis,Netflix,episode08-411079-11102023-saison1-Pacto-de-Silencio.html
Pacto de Silencio,09,1,11-10-2023,Etats-Unis,Netflix,episode09-411080-11102023-saison1-Pacto-de-Silencio.html
Pacto de Silencio,10,1,11-10-2023,Etats-Unis,Netflix,episode10-411081-11102023-saison1-Pacto-de-Silencio.html
Pacto de Silencio,11,1,11-10-2023,Etats-Unis,Netflix,episode11-411082-11102023-saison1-Pacto-de-Silencio.html
Pacto de Silencio,12,1,11-10-2023,Etats-Unis,Netflix,episode12-411083-11102023-saison1-Pacto-de-Silencio.html
Pacto de Silencio,13,1,11-10-2023,Etats-Unis,Netflix,episode13-411084-11102023-saison1-Pacto-de-Silencio.html
Pacto de Silencio,14,1,11-10-2023,Etats-Unis,Netflix,episode14-411085-11102023-saison1-Pacto-de-Silencio.html
Pacto de Silencio,15,1,11-10-2023,Etats-Unis,Netflix,episode15-411086-11102023-saison1-Pacto-de-Silencio.html
Pacto de Silencio,16,1,11-10-2023,Etats-Unis,Netflix,episode16-411087-11102023-saison1-Pacto-de-Silencio.html
Pacto de Silencio,17,1,11-10-2023,Etats-Unis,Netflix,episode17-411088-11102023-saison1-Pacto-de-Silencio.html
Pacto de Silencio,18,1,11-10-2023,Etats-Unis,Netflix,episode18-411089-11102023-saison1-Pacto-de-Silencio.html
Quantum Leap (2022),02,2,11-10-2023,Etats-Unis,NBC,episode02-409735-11102023-saison2-Quantum-Leap-(2022).html
Robyn Hood,03,1,11-10-2023,Canada,Global,episode03-410950-11102023-saison1-Robyn-Hood.html
SurrealEstate,02,2,11-10-2023,Etats-Unis,Syfy,episode02-410804-11102023-saison2-SurrealEstate.html
The Morning Show,06,3,11-10-2023,Etats-Unis,Apple TV+,episode06-407701-11102023-saison3-The-Morning-Show.html
The Worst of Evil,06,1,11-10-2023,Etats-Unis,Disney+,episode06-410768-11102023-saison1-The-Worst-of-Evil.html
The Worst of Evil,07,1,11-10-2023,Etats-Unis,Disney+,episode07-410769-11102023-saison1-The-Worst-of-Evil.html
Un Si Grand Soleil,28,6,11-10-2023,France,France 2,episode28-411044-11102023-saison6-Un-Si-Grand-Soleil.html
Young Dylan,06,4,11-10-2023,Etats-Unis,Nickelodeon,episode06-410624-11102023-saison4-Young-Dylan.html
All Creatures Great and Small (2020),02,4,12-10-2023,Royaume-Uni,Channel 5,episode02-410698-12102023-saison4-All-Creatures-Great-and-Small-(2020).html
Alphonse,01,1,12-10-2023,Etats-Unis,Prime Video,episode01-411024-12102023-saison1-Alphonse.html
Alphonse,02,1,12-10-2023,Etats-Unis,Prime Video,episode02-411131-12102023-saison1-Alphonse.html
Alphonse,03,1,12-10-2023,Etats-Unis,Prime Video,episode03-411132-12102023-saison1-Alphonse.html
À La Carte,05,2,12-10-2023,Etats-Unis,ALLBLK,episode05-410518-12102023-saison2-A-La-Carte.html
Cobra (UK),01,3,12-10-2023,Royaume-Uni,Sky1,episode01-410604-12102023-saison3-Cobra-(UK).html
Cobra (UK),02,3,12-10-2023,Royaume-Uni,Sky1,episode02-411133-12102023-saison3-Cobra-(UK).html
Cobra (UK),03,3,12-10-2023,Royaume-Uni,Sky1,episode03-411134-12102023-saison3-Cobra-(UK).html
Cobra (UK),04,3,12-10-2023,Royaume-Uni,Sky1,episode04-411135-12102023-saison3-Cobra-(UK).html
Cobra (UK),05,3,12-10-2023,Royaume-Uni,Sky1,episode05-411136-12102023-saison3-Cobra-(UK).html
Cobra (UK),06,3,12-10-2023,Royaume-Uni,Sky1,episode06-411137-12102023-saison3-Cobra-(UK).html
Demain nous appartient,39,7,12-10-2023,France,TF1,episode39-411036-12102023-saison7-Demain-nous-appartient.html
Doom Patrol,07,4,12-10-2023,Etats-Unis,HBO Max,episode07-410004-12102023-saison4-Doom-Patrol.html
Doom Patrol,08,4,12-10-2023,Etats-Unis,HBO Max,episode08-410005-12102023-saison4-Doom-Patrol.html
Frasier (2023),01,1,12-10-2023,Etats-Unis,Paramount+,episode01-409723-12102023-saison1-Frasier-(2023).html
Frasier (2023),02,1,12-10-2023,Etats-Unis,Paramount+,episode02-409724-12102023-saison1-Frasier-(2023).html
Ici tout commence,34,4,12-10-2023,France,TF1,episode34-411041-12102023-saison4-Ici-tout-commence.html
Les révoltés,07,1,12-10-2023,Canada,Club illico ,episode07-411203-12102023-saison1-Les-revoltes.html
Les révoltés,08,1,12-10-2023,Canada,Club illico ,episode08-411204-12102023-saison1-Les-revoltes.html
Loki,02,2,12-10-2023,Etats-Unis,Disney+,episode02-410902-12102023-saison2-Loki.html
LT-21,01,1,12-10-2023,France,OCS,episode01-408962-12102023-saison1-LT-21.html
LT-21,02,1,12-10-2023,France,OCS,episode02-408963-12102023-saison1-LT-21.html
Nackt über Berlin,01,1,12-10-2023,France,Arte,episode01-410608-12102023-saison1-Nackt-uber-Berlin.html
Nackt über Berlin,02,1,12-10-2023,France,Arte,episode02-410609-12102023-saison1-Nackt-uber-Berlin.html
Nackt über Berlin,03,1,12-10-2023,France,Arte,episode03-410610-12102023-saison1-Nackt-uber-Berlin.html
Our Flag Means Death,04,2,12-10-2023,Etats-Unis,HBO Max,episode04-409665-12102023-saison2-Our-Flag-Means-Death.html
Our Flag Means Death,05,2,12-10-2023,Etats-Unis,HBO Max,episode05-409666-12102023-saison2-Our-Flag-Means-Death.html
Star Trek: Lower Decks,07,4,12-10-2023,Etats-Unis,Paramount+,episode07-409761-12102023-saison4-Star-Trek-Lower-Decks.html
The Fall of the House of Usher,01,1,12-10-2023,Etats-Unis,Netflix,episode01-408906-12102023-saison1-The-Fall-of-the-House-of-Usher.html
The Fall of the House of Usher,02,1,12-10-2023,Etats-Unis,Netflix,episode02-411090-12102023-saison1-The-Fall-of-the-House-of-Usher.html
The Fall of the House of Usher,03,1,12-10-2023,Etats-Unis,Netflix,episode03-411091-12102023-saison1-The-Fall-of-the-House-of-Usher.html
The Fall of the House of Usher,04,1,12-10-2023,Etats-Unis,Netflix,episode04-411092-12102023-saison1-The-Fall-of-the-House-of-Usher.html
The Fall of the House of Usher,05,1,12-10-2023,Etats-Unis,Netflix,episode05-411093-12102023-saison1-The-Fall-of-the-House-of-Usher.html
The Fall of the House of Usher,06,1,12-10-2023,Etats-Unis,Netflix,episode06-411094-12102023-saison1-The-Fall-of-the-House-of-Usher.html
The Fall of the House of Usher,07,1,12-10-2023,Etats-Unis,Netflix,episode07-411095-12102023-saison1-The-Fall-of-the-House-of-Usher.html
The Fall of the House of Usher,08,1,12-10-2023,Etats-Unis,Netflix,episode08-411096-12102023-saison1-The-Fall-of-the-House-of-Usher.html
Un Si Grand Soleil,29,6,12-10-2023,France,France 2,episode29-411045-12102023-saison6-Un-Si-Grand-Soleil.html
Billions,10,7,13-10-2023,Etats-Unis,Showtime,episode10-409767-13102023-saison7-Billions.html
Bria Mack Gets A Life,01,1,13-10-2023,Canada,CraveTV,episode01-410332-13102023-saison1-Bria-Mack-Gets-A-Life.html
Bria Mack Gets A Life,02,1,13-10-2023,Canada,CraveTV,episode02-410333-13102023-saison1-Bria-Mack-Gets-A-Life.html
Bria Mack Gets A Life,03,1,13-10-2023,Canada,CraveTV,episode03-410334-13102023-saison1-Bria-Mack-Gets-A-Life.html
Creepshow,01,4,13-10-2023,Etats-Unis,Shudder,episode01-410146-13102023-saison4-Creepshow.html
Demain nous appartient,40,7,13-10-2023,France,TF1,episode40-411037-13102023-saison7-Demain-nous-appartient.html
Die Quellen des Bösen,01,1,13-10-2023,Allemagne,RTL,episode01-411207-13102023-saison1-Die-Quellen-des-Bosen.html
Die Quellen des Bösen,02,1,13-10-2023,Allemagne,RTL,episode02-411208-13102023-saison1-Die-Quellen-des-Bosen.html
Die Quellen des Bösen,03,1,13-10-2023,Allemagne,RTL,episode03-411209-13102023-saison1-Die-Quellen-des-Bosen.html
Die Quellen des Bösen,04,1,13-10-2023,Allemagne,RTL,episode04-411210-13102023-saison1-Die-Quellen-des-Bosen.html
Die Quellen des Bösen,05,1,13-10-2023,Allemagne,RTL,episode05-411211-13102023-saison1-Die-Quellen-des-Bosen.html
Die Quellen des Bösen,06,1,13-10-2023,Allemagne,RTL,episode06-411212-13102023-saison1-Die-Quellen-des-Bosen.html
Familjen Andersson,09,1,13-10-2023,Suède,SVT Play,episode09-409540-13102023-saison1-Familjen-Andersson.html
Gaslight,07,1,13-10-2023,Suède,SVT Play,episode07-410683-13102023-saison1-Gaslight.html
Gaslight,08,1,13-10-2023,Suède,SVT Play,episode08-410684-13102023-saison1-Gaslight.html
Gaslight,09,1,13-10-2023,Suède,SVT Play,episode09-410685-13102023-saison1-Gaslight.html
Gen V,05,1,13-10-2023,Etats-Unis,Prime Video,episode05-408429-13102023-saison1-Gen-V.html
Goosebumps (2023),01,1,13-10-2023,Etats-Unis,Disney+,episode01-409978-13102023-saison1-Goosebumps-(2023).html
Goosebumps (2023),02,1,13-10-2023,Etats-Unis,Disney+,episode02-409979-13102023-saison1-Goosebumps-(2023).html
Goosebumps (2023),03,1,13-10-2023,Etats-Unis,Disney+,episode03-409980-13102023-saison1-Goosebumps-(2023).html
Goosebumps (2023),04,1,13-10-2023,Etats-Unis,Disney+,episode04-409981-13102023-saison1-Goosebumps-(2023).html
Goosebumps (2023),05,1,13-10-2023,Etats-Unis,Disney+,episode05-409982-13102023-saison1-Goosebumps-(2023).html
Ici tout commence,35,4,13-10-2023,France,TF1,episode35-411042-13102023-saison4-Ici-tout-commence.html
John Carpenter's Suburban Screams,01,1,13-10-2023,Etats-Unis,Peacock,episode01-410425-13102023-saison1-John-Carpenter-s-Suburban-Screams.html
Lessons In Chemistry,01,1,13-10-2023,Etats-Unis,Apple TV+,episode01-406597-13102023-saison1-Lessons-In-Chemistry.html
Lessons In Chemistry,02,1,13-10-2023,Etats-Unis,Apple TV+,episode02-406598-13102023-saison1-Lessons-In-Chemistry.html
Power Book IV: Force,07,2,13-10-2023,Etats-Unis,Starz,episode07-410802-13102023-saison2-Power-Book-IV-Force.html
Shining Vale,01,2,13-10-2023,Etats-Unis,Starz,episode01-409054-13102023-saison2-Shining-Vale.html
Shoresy,04,2,13-10-2023,Canada,CraveTV,episode04-410867-13102023-saison2-Shoresy.html
SOKO Leipzig,08,24,13-10-2023,Allemagne,ZDF,episode08-410562-13102023-saison24-SOKO-Leipzig.html
Solsidan,04,8,13-10-2023,Suède,TV4,episode04-411053-13102023-saison8-Solsidan.html
Still Up,06,1,13-10-2023,Etats-Unis,Apple TV+,episode06-408947-13102023-saison1-Still-Up.html
The Changeling,08,1,13-10-2023,Etats-Unis,Apple TV+,episode08-408183-13102023-saison1-The-Changeling.html
The Good Ship Murder,01,1,13-10-2023,Royaume-Uni,Channel 5,episode01-410952-13102023-saison1-The-Good-Ship-Murder.html
Transplant,02,4,13-10-2023,Canada,CTV,episode02-409737-13102023-saison4-Transplant.html
Un Si Grand Soleil,30,6,13-10-2023,France,France 2,episode30-411046-13102023-saison6-Un-Si-Grand-Soleil.html
All Rise,15,3,14-10-2023,Etats-Unis,OWN,episode15-410329-14102023-saison3-All-Rise.html
Arthdal Chronicles,11,2,14-10-2023,Corée du Sud,tvN,episode11-411012-14102023-saison2-Arthdal-Chronicles.html
Boomer,07,1,14-10-2023,Belgique,Één,episode07-409828-14102023-saison1-Boomer.html
Arthdal Chronicles,12,2,15-10-2023,Corée du Sud,tvN,episode12-411013-15102023-saison2-Arthdal-Chronicles.html
Billy the Kid,01,2,15-10-2023,Etats-Unis,Epix,episode01-409587-15102023-saison2-Billy-the-Kid.html
Entre Tierras,06,1,15-10-2023,Espagne,ATRESplayer,episode06-410972-15102023-saison1-Entre-Tierras.html
Heartland (CA),03,17,15-10-2023,Canada,CBC,episode03-410869-15102023-saison17-Heartland-(CA).html
Last Week Tonight With John Oliver,13,10,15-10-2023,Etats-Unis,HBO,episode13-411282-15102023-saison10-Last-Week-Tonight-With-John-Oliver.html
Les Mystères de l'amour,10,33,15-10-2023,France,TMC,episode10-410795-15102023-saison33-Les-Mysteres-de-l-amour.html
Pantheon,01,2,15-10-2023,Etats-Unis,Prime Video,episode01-411163-15102023-saison2-Pantheon.html
Pantheon,02,2,15-10-2023,Etats-Unis,Prime Video,episode02-411164-15102023-saison2-Pantheon.html
Pantheon,03,2,15-10-2023,Etats-Unis,Prime Video,episode03-411165-15102023-saison2-Pantheon.html
Pantheon,04,2,15-10-2023,Etats-Unis,Prime Video,episode04-411166-15102023-saison2-Pantheon.html
Pantheon,05,2,15-10-2023,Etats-Unis,Prime Video,episode05-411167-15102023-saison2-Pantheon.html
Pantheon,06,2,15-10-2023,Etats-Unis,Prime Video,episode06-411168-15102023-saison2-Pantheon.html
Pantheon,07,2,15-10-2023,Etats-Unis,Prime Video,episode07-411169-15102023-saison2-Pantheon.html
Pantheon,08,2,15-10-2023,Etats-Unis,Prime Video,episode08-411170-15102023-saison2-Pantheon.html
Rick and Morty,01,7,15-10-2023,Etats-Unis,Adult Swim,episode01-409644-15102023-saison7-Rick-and-Morty.html
SkyMed,03,2,15-10-2023,Canada,CBC Gem,episode03-410741-15102023-saison2-SkyMed.html
The Walking Dead: Daryl Dixon,06,1,15-10-2023,Etats-Unis,AMC,episode06-409849-15102023-saison1-The-Walking-Dead-Daryl-Dixon.html
The Winter King,07,1,15-10-2023,Royaume-Uni,ITVX,episode07-409133-15102023-saison1-The-Winter-King.html
When Calls the Heart,12,10,15-10-2023,Etats-Unis,Hallmark Channel,episode12-407541-15102023-saison10-When-Calls-the-Heart.html
5è Rang,06,6,16-10-2023,Canada,Radio Canada,episode06-411292-16102023-saison6-5e-Rang.html
Acting Good,01,2,16-10-2023,Canada,The Comedy Network,episode01-411121-16102023-saison2-Acting-Good.html
D'argent et de sang,01,1,16-10-2023,France,Canal+,episode01-410171-16102023-saison1-D-argent-et-de-sang.html
Harry Wild,03,2,16-10-2023,Etats-Unis,Acorn TV,episode03-410201-16102023-saison2-Harry-Wild.html
Murdoch Mysteries,03,17,16-10-2023,Canada,Citytv,episode03-410870-16102023-saison17-Murdoch-Mysteries.html
Narvalo,06,3,16-10-2023,France,Canal+,episode06-410630-16102023-saison3-Narvalo.html
SOKO Potsdam,04,6,16-10-2023,Allemagne,ZDF,episode04-410909-16102023-saison6-SOKO-Potsdam.html
The Irrational,04,1,16-10-2023,Etats-Unis,NBC,episode04-409863-16102023-saison1-The-Irrational.html
Found,03,1,17-10-2023,Etats-Unis,NBC,episode03-409894-17102023-saison1-Found.html
The Oval,01,5,17-10-2023,Etats-Unis,BET,episode01-410192-17102023-saison5-The-Oval.html
American Horror Story,05,12,18-10-2023,Etats-Unis,FX,episode05-410785-18102023-saison12-American-Horror-Story.html
Bones of Crows,05,1,18-10-2023,Canada,CBC,episode05-410805-18102023-saison1-Bones-of-Crows.html
Children Ruin Everything,04,3,18-10-2023,Canada,CTV,episode04-411015-18102023-saison3-Children-Ruin-Everything.html
Chucky,03,3,18-10-2023,Etats-Unis,Syfy,episode03-409116-18102023-saison3-Chucky.html
Cooper's Bar,03,2,18-10-2023,Etats-Unis,AMC,episode03-411063-18102023-saison2-Cooper-s-Bar.html
Hudson & Rex,03,6,18-10-2023,Canada,Citytv,episode03-411097-18102023-saison6-Hudson--Rex.html
Invasion (2021),09,2,18-10-2023,Etats-Unis,Apple TV+,episode09-407973-18102023-saison2-Invasion-(2021).html
Kaala Paani,01,1,18-10-2023,Etats-Unis,Netflix,episode01-410946-18102023-saison1-Kaala-Paani.html
Kaala Paani,02,1,18-10-2023,Etats-Unis,Netflix,episode02-411286-18102023-saison1-Kaala-Paani.html
Kaala Paani,03,1,18-10-2023,Etats-Unis,Netflix,episode03-411287-18102023-saison1-Kaala-Paani.html
Kaala Paani,04,1,18-10-2023,Etats-Unis,Netflix,episode04-411288-18102023-saison1-Kaala-Paani.html
Kaala Paani,05,1,18-10-2023,Etats-Unis,Netflix,episode05-411289-18102023-saison1-Kaala-Paani.html
Kaala Paani,06,1,18-10-2023,Etats-Unis,Netflix,episode06-411290-18102023-saison1-Kaala-Paani.html
Kaala Paani,07,1,18-10-2023,Etats-Unis,Netflix,episode07-411291-18102023-saison1-Kaala-Paani.html
Les invisibles (FRA),01,3,18-10-2023,France,France.tv,episode01-411303-18102023-saison3-Les-invisibles-(FRA).html
Les invisibles (FRA),02,3,18-10-2023,France,France.tv,episode02-411304-18102023-saison3-Les-invisibles-(FRA).html
Les invisibles (FRA),03,3,18-10-2023,France,France.tv,episode03-411305-18102023-saison3-Les-invisibles-(FRA).html
Les invisibles (FRA),04,3,18-10-2023,France,France.tv,episode04-411306-18102023-saison3-Les-invisibles-(FRA).html
Les invisibles (FRA),05,3,18-10-2023,France,France.tv,episode05-411307-18102023-saison3-Les-invisibles-(FRA).html
Les invisibles (FRA),06,3,18-10-2023,France,France.tv,episode06-411308-18102023-saison3-Les-invisibles-(FRA).html
Magnum P.I. (2018),13,5,18-10-2023,Etats-Unis,NBC,episode13-410784-18102023-saison5-Magnum-PI-(2018).html
Quantum Leap (2022),03,2,18-10-2023,Etats-Unis,NBC,episode03-409964-18102023-saison2-Quantum-Leap-(2022).html
Robyn Hood,04,1,18-10-2023,Canada,Global,episode04-410951-18102023-saison1-Robyn-Hood.html
Sistas,12,6,18-10-2023,Etats-Unis,BET,episode12-410186-18102023-saison6-Sistas.html
SurrealEstate,03,2,18-10-2023,Etats-Unis,Syfy,episode03-410882-18102023-saison2-SurrealEstate.html
The Morning Show,07,3,18-10-2023,Etats-Unis,Apple TV+,episode07-407702-18102023-saison3-The-Morning-Show.html
The Worst of Evil,08,1,18-10-2023,Etats-Unis,Disney+,episode08-410770-18102023-saison1-The-Worst-of-Evil.html
The Worst of Evil,09,1,18-10-2023,Etats-Unis,Disney+,episode09-410771-18102023-saison1-The-Worst-of-Evil.html
Young Dylan,07,4,18-10-2023,Etats-Unis,Nickelodeon,episode07-410806-18102023-saison4-Young-Dylan.html
All Creatures Great and Small (2020),03,4,19-10-2023,Royaume-Uni,Channel 5,episode03-410817-19102023-saison4-All-Creatures-Great-and-Small-(2020).html
À La Carte,06,2,19-10-2023,Etats-Unis,ALLBLK,episode06-410519-19102023-saison2-A-La-Carte.html
Bodies (2023),01,1,19-10-2023,Etats-Unis,Netflix,episode01-409738-19102023-saison1-Bodies-(2023).html
Bodies (2023),02,1,19-10-2023,Etats-Unis,Netflix,episode02-409150-19102023-saison1-Bodies-(2023).html
Bodies (2023),03,1,19-10-2023,Etats-Unis,Netflix,episode03-409149-19102023-saison1-Bodies-(2023).html
Bodies (2023),04,1,19-10-2023,Etats-Unis,Netflix,episode04-409148-19102023-saison1-Bodies-(2023).html
Bodies (2023),05,1,19-10-2023,Etats-Unis,Netflix,episode05-411058-19102023-saison1-Bodies-(2023).html
Bodies (2023),06,1,19-10-2023,Etats-Unis,Netflix,episode06-411059-19102023-saison1-Bodies-(2023).html
Bodies (2023),07,1,19-10-2023,Etats-Unis,Netflix,episode07-411060-19102023-saison1-Bodies-(2023).html
Bodies (2023),08,1,19-10-2023,Etats-Unis,Netflix,episode08-411061-19102023-saison1-Bodies-(2023).html
Crashing Eid,01,1,19-10-2023,Etats-Unis,Netflix,episode01-410955-19102023-saison1-Crashing-Eid.html
Doom Patrol,09,4,19-10-2023,Etats-Unis,HBO Max,episode09-410006-19102023-saison4-Doom-Patrol.html
Frasier (2023),03,1,19-10-2023,Etats-Unis,Paramount+,episode03-409725-19102023-saison1-Frasier-(2023).html
La Mesias,03,1,19-10-2023,Espagne,Moviestar+,episode03-410545-19102023-saison1-La-Mesias.html
Les révoltés,09,1,19-10-2023,Canada,Club illico ,episode09-411205-19102023-saison1-Les-revoltes.html
Les révoltés,10,1,19-10-2023,Canada,Club illico ,episode10-411206-19102023-saison1-Les-revoltes.html
Loki,03,2,19-10-2023,Etats-Unis,Disney+,episode03-410903-19102023-saison2-Loki.html
LT-21,03,1,19-10-2023,France,OCS,episode03-408964-19102023-saison1-LT-21.html
LT-21,04,1,19-10-2023,France,OCS,episode04-408965-19102023-saison1-LT-21.html
Nackt über Berlin,04,1,19-10-2023,France,Arte,episode04-410611-19102023-saison1-Nackt-uber-Berlin.html
Nackt über Berlin,05,1,19-10-2023,France,Arte,episode05-410612-19102023-saison1-Nackt-uber-Berlin.html
Nackt über Berlin,06,1,19-10-2023,France,Arte,episode06-410613-19102023-saison1-Nackt-uber-Berlin.html
Neon,01,1,19-10-2023,Etats-Unis,Netflix,episode01-409747-19102023-saison1-Neon.html
Neon,02,1,19-10-2023,Etats-Unis,Netflix,episode02-409748-19102023-saison1-Neon.html
Neon,03,1,19-10-2023,Etats-Unis,Netflix,episode03-409749-19102023-saison1-Neon.html
Neon,04,1,19-10-2023,Etats-Unis,Netflix,episode04-409750-19102023-saison1-Neon.html
Neon,05,1,19-10-2023,Etats-Unis,Netflix,episode05-409751-19102023-saison1-Neon.html
Neon,06,1,19-10-2023,Etats-Unis,Netflix,episode06-409752-19102023-saison1-Neon.html
Neon,07,1,19-10-2023,Etats-Unis,Netflix,episode07-409753-19102023-saison1-Neon.html
Neon,08,1,19-10-2023,Etats-Unis,Netflix,episode08-409754-19102023-saison1-Neon.html
Our Flag Means Death,06,2,19-10-2023,Etats-Unis,HBO Max,episode06-409667-19102023-saison2-Our-Flag-Means-Death.html
Our Flag Means Death,07,2,19-10-2023,Etats-Unis,HBO Max,episode07-409668-19102023-saison2-Our-Flag-Means-Death.html
Star Trek: Lower Decks,08,4,19-10-2023,Etats-Unis,Paramount+,episode08-409762-19102023-saison4-Star-Trek-Lower-Decks.html
The Burning Girls,01,1,19-10-2023,Etats-Unis,Paramount+,episode01-410587-19102023-saison1-The-Burning-Girls.html
The Burning Girls,02,1,19-10-2023,Etats-Unis,Paramount+,episode02-411309-19102023-saison1-The-Burning-Girls.html
The Burning Girls,03,1,19-10-2023,Etats-Unis,Paramount+,episode03-411310-19102023-saison1-The-Burning-Girls.html
The Burning Girls,04,1,19-10-2023,Etats-Unis,Paramount+,episode04-411311-19102023-saison1-The-Burning-Girls.html
The Burning Girls,05,1,19-10-2023,Etats-Unis,Paramount+,episode05-411312-19102023-saison1-The-Burning-Girls.html
The Burning Girls,06,1,19-10-2023,Etats-Unis,Paramount+,episode06-411313-19102023-saison1-The-Burning-Girls.html
Wicked City (2022),01,2,19-10-2023,Etats-Unis,ALLBLK,episode01-411118-19102023-saison2-Wicked-City-(2022).html
Wolf Like Me,01,2,19-10-2023,Etats-Unis,Peacock,episode01-409700-19102023-saison2-Wolf-Like-Me.html
Wolf Like Me,02,2,19-10-2023,Etats-Unis,Peacock,episode02-409701-19102023-saison2-Wolf-Like-Me.html
Wolf Like Me,03,2,19-10-2023,Etats-Unis,Peacock,episode03-409702-19102023-saison2-Wolf-Like-Me.html
Wolf Like Me,04,2,19-10-2023,Etats-Unis,Peacock,episode04-409703-19102023-saison2-Wolf-Like-Me.html
Wolf Like Me,05,2,19-10-2023,Etats-Unis,Peacock,episode05-409704-19102023-saison2-Wolf-Like-Me.html
Wolf Like Me,06,2,19-10-2023,Etats-Unis,Peacock,episode06-409705-19102023-saison2-Wolf-Like-Me.html
Wolf Like Me,07,2,19-10-2023,Etats-Unis,Peacock,episode07-409706-19102023-saison2-Wolf-Like-Me.html
Big Mouth,01,7,20-10-2023,Etats-Unis,Netflix,episode01-410260-20102023-saison7-Big-Mouth.html
Big Mouth,02,7,20-10-2023,Etats-Unis,Netflix,episode02-411318-20102023-saison7-Big-Mouth.html
Big Mouth,03,7,20-10-2023,Etats-Unis,Netflix,episode03-411319-20102023-saison7-Big-Mouth.html
Big Mouth,04,7,20-10-2023,Etats-Unis,Netflix,episode04-411320-20102023-saison7-Big-Mouth.html
Big Mouth,05,7,20-10-2023,Etats-Unis,Netflix,episode05-411321-20102023-saison7-Big-Mouth.html
Big Mouth,06,7,20-10-2023,Etats-Unis,Netflix,episode06-411322-20102023-saison7-Big-Mouth.html
Big Mouth,07,7,20-10-2023,Etats-Unis,Netflix,episode07-411323-20102023-saison7-Big-Mouth.html
Big Mouth,08,7,20-10-2023,Etats-Unis,Netflix,episode08-411324-20102023-saison7-Big-Mouth.html
Big Mouth,09,7,20-10-2023,Etats-Unis,Netflix,episode09-411325-20102023-saison7-Big-Mouth.html
Big Mouth,10,7,20-10-2023,Etats-Unis,Netflix,episode10-411326-20102023-saison7-Big-Mouth.html
Billions,11,7,20-10-2023,Etats-Unis,Showtime,episode11-409776-20102023-saison7-Billions.html
Bosch: Legacy,01,2,20-10-2023,Etats-Unis,Amazon Freevee,episode01-409707-20102023-saison2-Bosch-Legacy.html
Bosch: Legacy,02,2,20-10-2023,Etats-Unis,Amazon Freevee,episode02-409708-20102023-saison2-Bosch-Legacy.html
Bosch: Legacy,03,2,20-10-2023,Etats-Unis,Amazon Freevee,episode03-409709-20102023-saison2-Bosch-Legacy.html
Bosch: Legacy,04,2,20-10-2023,Etats-Unis,Amazon Freevee,episode04-409710-20102023-saison2-Bosch-Legacy.html
Bria Mack Gets A Life,04,1,20-10-2023,Canada,CraveTV,episode04-410335-20102023-saison1-Bria-Mack-Gets-A-Life.html
Bria Mack Gets A Life,05,1,20-10-2023,Canada,CraveTV,episode05-410336-20102023-saison1-Bria-Mack-Gets-A-Life.html
Bria Mack Gets A Life,06,1,20-10-2023,Canada,CraveTV,episode06-410337-20102023-saison1-Bria-Mack-Gets-A-Life.html
Doona!,01,1,20-10-2023,Etats-Unis,Netflix,episode01-410162-20102023-saison1-Doona.html
Doona!,02,1,20-10-2023,Etats-Unis,Netflix,episode02-410163-20102023-saison1-Doona.html
Doona!,03,1,20-10-2023,Etats-Unis,Netflix,episode03-410164-20102023-saison1-Doona.html
Doona!,04,1,20-10-2023,Etats-Unis,Netflix,episode04-410165-20102023-saison1-Doona.html
Doona!,05,1,20-10-2023,Etats-Unis,Netflix,episode05-410166-20102023-saison1-Doona.html
Doona!,06,1,20-10-2023,Etats-Unis,Netflix,episode06-410167-20102023-saison1-Doona.html
Doona!,07,1,20-10-2023,Etats-Unis,Netflix,episode07-410168-20102023-saison1-Doona.html
Doona!,08,1,20-10-2023,Etats-Unis,Netflix,episode08-410169-20102023-saison1-Doona.html
Doona!,09,1,20-10-2023,Etats-Unis,Netflix,episode09-410170-20102023-saison1-Doona.html
Élite,01,7,20-10-2023,Etats-Unis,Netflix,episode01-407350-20102023-saison7-Elite.html
Élite,02,7,20-10-2023,Etats-Unis,Netflix,episode02-407351-20102023-saison7-Elite.html
Élite,03,7,20-10-2023,Etats-Unis,Netflix,episode03-407352-20102023-saison7-Elite.html
Élite,04,7,20-10-2023,Etats-Unis,Netflix,episode04-407353-20102023-saison7-Elite.html
Élite,05,7,20-10-2023,Etats-Unis,Netflix,episode05-407354-20102023-saison7-Elite.html
Élite,06,7,20-10-2023,Etats-Unis,Netflix,episode06-407355-20102023-saison7-Elite.html
Élite,07,7,20-10-2023,Etats-Unis,Netflix,episode07-407356-20102023-saison7-Elite.html
Élite,08,7,20-10-2023,Etats-Unis,Netflix,episode08-407357-20102023-saison7-Elite.html
Familjen Andersson,10,1,20-10-2023,Suède,SVT Play,episode10-409541-20102023-saison1-Familjen-Andersson.html
Gen V,06,1,20-10-2023,Etats-Unis,Prime Video,episode06-408430-20102023-saison1-Gen-V.html
Goosebumps (2023),06,1,20-10-2023,Etats-Unis,Disney+,episode06-409983-20102023-saison1-Goosebumps-(2023).html
Lessons In Chemistry,03,1,20-10-2023,Etats-Unis,Apple TV+,episode03-406599-20102023-saison1-Lessons-In-Chemistry.html
Power Book IV: Force,08,2,20-10-2023,Etats-Unis,Starz,episode08-410987-20102023-saison2-Power-Book-IV-Force.html
Shining Vale,02,2,20-10-2023,Etats-Unis,Starz,episode02-411122-20102023-saison2-Shining-Vale.html
SOKO Leipzig,09,24,20-10-2023,Allemagne,ZDF,episode09-410563-20102023-saison24-SOKO-Leipzig.html
Still Up,07,1,20-10-2023,Etats-Unis,Apple TV+,episode07-408948-20102023-saison1-Still-Up.html
The Good Ship Murder,02,1,20-10-2023,Royaume-Uni,Channel 5,episode02-410953-20102023-saison1-The-Good-Ship-Murder.html
Transplant,03,4,20-10-2023,Canada,CTV,episode03-409839-20102023-saison4-Transplant.html
Upload,01,3,20-10-2023,Etats-Unis,Prime Video,episode01-410010-20102023-saison3-Upload.html
Upload,02,3,20-10-2023,Etats-Unis,Prime Video,episode02-410011-20102023-saison3-Upload.html
Yaratilan,01,1,20-10-2023,Etats-Unis,Netflix,episode01-409988-20102023-saison1-Yaratilan.html
Yaratilan,02,1,20-10-2023,Etats-Unis,Netflix,episode02-411327-20102023-saison1-Yaratilan.html
Yaratilan,03,1,20-10-2023,Etats-Unis,Netflix,episode03-411328-20102023-saison1-Yaratilan.html
Yaratilan,04,1,20-10-2023,Etats-Unis,Netflix,episode04-411329-20102023-saison1-Yaratilan.html
Yaratilan,05,1,20-10-2023,Etats-Unis,Netflix,episode05-411330-20102023-saison1-Yaratilan.html
Yaratilan,06,1,20-10-2023,Etats-Unis,Netflix,episode06-411331-20102023-saison1-Yaratilan.html
Yaratilan,07,1,20-10-2023,Etats-Unis,Netflix,episode07-411332-20102023-saison1-Yaratilan.html
Yaratilan,08,1,20-10-2023,Etats-Unis,Netflix,episode08-411333-20102023-saison1-Yaratilan.html
All Rise,16,3,21-10-2023,Etats-Unis,OWN,episode16-410330-21102023-saison3-All-Rise.html
Boomer,08,1,21-10-2023,Belgique,Één,episode08-409829-21102023-saison1-Boomer.html
Billy the Kid,02,2,22-10-2023,Etats-Unis,Epix,episode02-409588-22102023-saison2-Billy-the-Kid.html
Bob's Burgers,03,14,22-10-2023,Etats-Unis,Fox,episode03-410885-22102023-saison14-Bob-s-Burgers.html
Entre Tierras,07,1,22-10-2023,Espagne,ATRESplayer,episode07-410973-22102023-saison1-Entre-Tierras.html
Family Guy,03,22,22-10-2023,Etats-Unis,Fox,episode03-410998-22102023-saison22-Family-Guy.html
Fear the Walking Dead,07,8,22-10-2023,Etats-Unis,AMC,episode07-408754-22102023-saison8-Fear-the-Walking-Dead.html
Heartland (CA),04,17,22-10-2023,Canada,CBC,episode04-410871-22102023-saison17-Heartland-(CA).html
Krapopolis,05,1,22-10-2023,Etats-Unis,Fox,episode05-410699-22102023-saison1-Krapopolis.html
Les Mystères de l'amour,11,33,22-10-2023,France,TMC,episode11-410883-22102023-saison33-Les-Mysteres-de-l-amour.html
Rick and Morty,02,7,22-10-2023,Etats-Unis,Adult Swim,episode02-410175-22102023-saison7-Rick-and-Morty.html
SkyMed,04,2,22-10-2023,Canada,CBC Gem,episode04-411101-22102023-saison2-SkyMed.html
The Simpsons,03,35,22-10-2023,Etats-Unis,Fox,episode03-410884-22102023-saison35-The-Simpsons.html
The Villains of Valley View,17,2,22-10-2023,Etats-Unis,Disney Channel,episode17-411283-22102023-saison2-The-Villains-of-Valley-View.html
The Winter King,08,1,22-10-2023,Royaume-Uni,ITVX,episode08-409134-22102023-saison1-The-Winter-King.html
30 Monedas,01,2,23-10-2023,Europe,HBO Europe,episode01-410606-23102023-saison2-30-Monedas.html
5è Rang,07,6,23-10-2023,Canada,Radio Canada,episode07-411293-23102023-saison6-5e-Rang.html
Acting Good,02,2,23-10-2023,Canada,The Comedy Network,episode02-411294-23102023-saison2-Acting-Good.html
Harry Wild,04,2,23-10-2023,Etats-Unis,Acorn TV,episode04-410202-23102023-saison2-Harry-Wild.html
Murdoch Mysteries,04,17,23-10-2023,Canada,Citytv,episode04-410872-23102023-saison17-Murdoch-Mysteries.html
Narvalo,07,3,23-10-2023,France,Canal+,episode07-410631-23102023-saison3-Narvalo.html
SOKO Potsdam,05,6,23-10-2023,Allemagne,ZDF,episode05-410910-23102023-saison6-SOKO-Potsdam.html
Spooky Files,01,1,23-10-2023,Royaume-Uni,CBBC,episode01-411213-23102023-saison1-Spooky-Files.html
Spooky Files,02,1,23-10-2023,Royaume-Uni,CBBC,episode02-411214-23102023-saison1-Spooky-Files.html
Spooky Files,03,1,23-10-2023,Royaume-Uni,CBBC,episode03-411215-23102023-saison1-Spooky-Files.html
Spooky Files,04,1,23-10-2023,Royaume-Uni,CBBC,episode04-411216-23102023-saison1-Spooky-Files.html
Spooky Files,05,1,23-10-2023,Royaume-Uni,CBBC,episode05-411217-23102023-saison1-Spooky-Files.html
The Irrational,05,1,23-10-2023,Etats-Unis,NBC,episode05-409864-23102023-saison1-The-Irrational.html
Found,04,1,24-10-2023,Etats-Unis,NBC,episode04-409895-24102023-saison1-Found.html
The Oval,02,5,24-10-2023,Etats-Unis,BET,episode02-411123-24102023-saison5-The-Oval.html
Absolutni debiutanci,01,1,25-10-2023,Etats-Unis,Netflix,episode01-410956-25102023-saison1-Absolutni-debiutanci.html
American Horror Story,06,12,25-10-2023,Etats-Unis,FX,episode06-410999-25102023-saison12-American-Horror-Story.html
Chucky,04,3,25-10-2023,Etats-Unis,Syfy,episode04-409117-25102023-saison3-Chucky.html
Cooper's Bar,04,2,25-10-2023,Etats-Unis,AMC,episode04-411064-25102023-saison2-Cooper-s-Bar.html
Hudson & Rex,04,6,25-10-2023,Canada,Citytv,episode04-411098-25102023-saison6-Hudson--Rex.html
Invasion (2021),10,2,25-10-2023,Etats-Unis,Apple TV+,episode10-407974-25102023-saison2-Invasion-(2021).html
Magnum P.I. (2018),14,5,25-10-2023,Etats-Unis,NBC,episode14-410786-25102023-saison5-Magnum-PI-(2018).html
Quantum Leap (2022),04,2,25-10-2023,Etats-Unis,NBC,episode04-410254-25102023-saison2-Quantum-Leap-(2022).html
Robyn Hood,05,1,25-10-2023,Canada,Global,episode05-411016-25102023-saison1-Robyn-Hood.html
Sistas,13,6,25-10-2023,Etats-Unis,BET,episode13-411158-25102023-saison6-Sistas.html
SurrealEstate,04,2,25-10-2023,Etats-Unis,Syfy,episode04-410886-25102023-saison2-SurrealEstate.html
The Morning Show,08,3,25-10-2023,Etats-Unis,Apple TV+,episode08-407703-25102023-saison3-The-Morning-Show.html
The Worst of Evil,10,1,25-10-2023,Etats-Unis,Disney+,episode10-410772-25102023-saison1-The-Worst-of-Evil.html
The Worst of Evil,11,1,25-10-2023,Etats-Unis,Disney+,episode11-410773-25102023-saison1-The-Worst-of-Evil.html
The Worst of Evil,12,1,25-10-2023,Etats-Unis,Disney+,episode12-410774-25102023-saison1-The-Worst-of-Evil.html
Young Dylan,08,4,25-10-2023,Etats-Unis,Nickelodeon,episode08-410988-25102023-saison4-Young-Dylan.html
All Creatures Great and Small (2020),04,4,26-10-2023,Royaume-Uni,Channel 5,episode04-410984-26102023-saison4-All-Creatures-Great-and-Small-(2020).html
American Horror Stories,01,3,26-10-2023,Etats-Unis,FX,episode01-409055-26102023-saison3-American-Horror-Stories.html
American Horror Stories,02,3,26-10-2023,Etats-Unis,FX,episode02-411055-26102023-saison3-American-Horror-Stories.html
American Horror Stories,03,3,26-10-2023,Etats-Unis,FX,episode03-411056-26102023-saison3-American-Horror-Stories.html
American Horror Stories,04,3,26-10-2023,Etats-Unis,FX,episode04-411057-26102023-saison3-American-Horror-Stories.html
À La Carte,07,2,26-10-2023,Etats-Unis,ALLBLK,episode07-410520-26102023-saison2-A-La-Carte.html
Doom Patrol,10,4,26-10-2023,Etats-Unis,HBO Max,episode10-410007-26102023-saison4-Doom-Patrol.html
Frasier (2023),04,1,26-10-2023,Etats-Unis,Paramount+,episode04-409726-26102023-saison1-Frasier-(2023).html
La Mesias,04,1,26-10-2023,Espagne,Moviestar+,episode04-410546-26102023-saison1-La-Mesias.html
Loki,04,2,26-10-2023,Etats-Unis,Disney+,episode04-410904-26102023-saison2-Loki.html
LT-21,05,1,26-10-2023,France,OCS,episode05-408966-26102023-saison1-LT-21.html
LT-21,06,1,26-10-2023,France,OCS,episode06-408967-26102023-saison1-LT-21.html
Our Flag Means Death,08,2,26-10-2023,Etats-Unis,HBO Max,episode08-409669-26102023-saison2-Our-Flag-Means-Death.html
Pluto,01,1,26-10-2023,Etats-Unis,Netflix,episode01-406634-26102023-saison1-Pluto.html
Star Trek: Lower Decks,09,4,26-10-2023,Etats-Unis,Paramount+,episode09-409763-26102023-saison4-Star-Trek-Lower-Decks.html
The Vanishing Triangle,01,1,26-10-2023,Etats-Unis,SundanceTV,episode01-410193-26102023-saison1-The-Vanishing-Triangle.html
The Vanishing Triangle,02,1,26-10-2023,Etats-Unis,SundanceTV,episode02-410194-26102023-saison1-The-Vanishing-Triangle.html
Billions,12,7,27-10-2023,Etats-Unis,Showtime,episode12-409777-27102023-saison7-Billions.html
Bosch: Legacy,05,2,27-10-2023,Etats-Unis,Amazon Freevee,episode05-409711-27102023-saison2-Bosch-Legacy.html
Bosch: Legacy,06,2,27-10-2023,Etats-Unis,Amazon Freevee,episode06-409712-27102023-saison2-Bosch-Legacy.html
Fellow Travelers 1,01,1,27-10-2023,Etats-Unis,Showtime,episode01-409066-27102023-saison1-Fellow-Travelers-1.html
Gen V,07,1,27-10-2023,Etats-Unis,Prime Video,episode07-408431-27102023-saison1-Gen-V.html
Goosebumps (2023),07,1,27-10-2023,Etats-Unis,Disney+,episode07-409984-27102023-saison1-Goosebumps-(2023).html
Lessons In Chemistry,04,1,27-10-2023,Etats-Unis,Apple TV+,episode04-406600-27102023-saison1-Lessons-In-Chemistry.html
Memento Mori,01,1,27-10-2023,Etats-Unis,Prime Video,episode01-410947-27102023-saison1-Memento-Mori.html
Shining Vale,03,2,27-10-2023,Etats-Unis,Starz,episode03-411124-27102023-saison2-Shining-Vale.html
SOKO Leipzig,10,24,27-10-2023,Allemagne,ZDF,episode10-410564-27102023-saison24-SOKO-Leipzig.html
Still Up,08,1,27-10-2023,Etats-Unis,Apple TV+,episode08-408949-27102023-saison1-Still-Up.html
The Good Ship Murder,03,1,27-10-2023,Royaume-Uni,Channel 5,episode03-410954-27102023-saison1-The-Good-Ship-Murder.html
Tore,01,1,27-10-2023,Etats-Unis,Netflix,episode01-410156-27102023-saison1-Tore.html
Tore,02,1,27-10-2023,Etats-Unis,Netflix,episode02-410157-27102023-saison1-Tore.html
Tore,03,1,27-10-2023,Etats-Unis,Netflix,episode03-410158-27102023-saison1-Tore.html
Tore,04,1,27-10-2023,Etats-Unis,Netflix,episode04-410159-27102023-saison1-Tore.html
Tore,05,1,27-10-2023,Etats-Unis,Netflix,episode05-410160-27102023-saison1-Tore.html
Tore,06,1,27-10-2023,Etats-Unis,Netflix,episode06-410161-27102023-saison1-Tore.html
Transplant,04,4,27-10-2023,Canada,CTV,episode04-409840-27102023-saison4-Transplant.html
Upload,03,3,27-10-2023,Etats-Unis,Prime Video,episode03-410012-27102023-saison3-Upload.html
Upload,04,3,27-10-2023,Etats-Unis,Prime Video,episode04-410013-27102023-saison3-Upload.html
All Rise,17,3,28-10-2023,Etats-Unis,OWN,episode17-410331-28102023-saison3-All-Rise.html
Boomer,09,1,28-10-2023,Belgique,Één,episode09-409830-28102023-saison1-Boomer.html
Billy the Kid,03,2,29-10-2023,Etats-Unis,Epix,episode03-409589-29102023-saison2-Billy-the-Kid.html
Bob's Burgers,04,14,29-10-2023,Etats-Unis,Fox,episode04-410887-29102023-saison14-Bob-s-Burgers.html
Entre Tierras,08,1,29-10-2023,Espagne,ATRESplayer,episode08-410974-29102023-saison1-Entre-Tierras.html
Fear the Walking Dead,08,8,29-10-2023,Etats-Unis,AMC,episode08-408755-29102023-saison8-Fear-the-Walking-Dead.html
Heartland (CA),05,17,29-10-2023,Canada,CBC,episode05-411244-29102023-saison17-Heartland-(CA).html
Krapopolis,06,1,29-10-2023,Etats-Unis,Fox,episode06-410700-29102023-saison1-Krapopolis.html
Les Mystères de l'amour,12,33,29-10-2023,France,TMC,episode12-411100-29102023-saison33-Les-Mysteres-de-l-amour.html
Rick and Morty,03,7,29-10-2023,Etats-Unis,Adult Swim,episode03-411159-29102023-saison7-Rick-and-Morty.html
SkyMed,05,2,29-10-2023,Canada,CBC Gem,episode05-411280-29102023-saison2-SkyMed.html
The Gilded Age,01,2,29-10-2023,Etats-Unis,HBO,episode01-409717-29102023-saison2-The-Gilded-Age.html
The Simpsons,04,35,29-10-2023,Etats-Unis,Fox,episode04-410985-29102023-saison35-The-Simpsons.html
The Winter King,09,1,29-10-2023,Royaume-Uni,ITVX,episode09-409135-29102023-saison1-The-Winter-King.html
Acting Good,03,2,30-10-2023,Canada,The Comedy Network,episode03-411295-30102023-saison2-Acting-Good.html
American Dad!,15,19,30-10-2023,Etats-Unis,TBS (US),episode15-411032-30102023-saison19-American-Dad.html
Harry Wild,05,2,30-10-2023,Etats-Unis,Acorn TV,episode05-410203-30102023-saison2-Harry-Wild.html
Murdoch Mysteries,05,17,30-10-2023,Canada,Citytv,episode05-411017-30102023-saison17-Murdoch-Mysteries.html
SOKO Potsdam,06,6,30-10-2023,Allemagne,ZDF,episode06-410911-30102023-saison6-SOKO-Potsdam.html
The Irrational,06,1,30-10-2023,Etats-Unis,NBC,episode06-409865-30102023-saison1-The-Irrational.html
Found,05,1,31-10-2023,Etats-Unis,NBC,episode05-409896-31102023-saison1-Found.html
The Oval,03,5,31-10-2023,Etats-Unis,BET,episode03-411296-31102023-saison5-The-Oval.html
